depth,mean_yrsBP,sd_age
0,-59,5
0.9,-58.47,6.07
1.8,-57.93,7.07
2.8,-57.4,7.6
3.7,-56.86,8.14
4.6,-56.33,8.67
5.5,-55.79,9.21
6.4,-55.26,9.74
7.4,-54.72,10.28
8.3,-54.19,10.81
9.2,-54,11.35
10.1,-54,11.88
11,-53.16,12
12,-52.09,12
12.9,-51.51,12.49
13.8,-51,13.02
14.7,-51,13.56
15.6,-50.91,14
16.6,-50.37,14
17.5,-49.84,14.16
18.4,-49.3,14.7
19.3,-48.77,15.23
20.2,-48.23,15.77
21.1,-47.7,16
22.1,-47.16,16
23,-46.26,16.37
23.9,-45.19,16.91
24.8,-44.56,17
25.7,-44.02,17
26.7,-43.49,17.51
27.6,-42.95,18
28.5,-42.42,18
29.4,-41.88,18.12
30.3,-41.35,18.65
31.3,-40.82,19
32.2,-40.28,19
33.1,-39.75,19.25
34,-39.21,19.79
34.9,-38.68,20
35.9,-38.14,20
36.8,-37.61,20.39
37.7,-37.07,20.93
38.6,-37,21
39.5,-37,21
40.5,-35.93,21
41.4,-34.93,21.07
42.3,-34.4,21.6
43.2,-33.86,22
44.1,-33.33,22
45,-32.79,22.21
46,-32.26,22.74
46.9,-31.72,23
47.8,-31.19,23
48.7,-30.65,23
49.6,-30.12,23
50.6,-29.58,23.42
51.5,-29.05,23.95
52.4,-28.51,24
53.3,-27.98,24
54.2,-27.44,24
55.2,-26.91,24.09
56.1,-26.37,24.63
57,-25.84,25
57.9,-25.3,25
58.8,-24.77,25
59.8,-24.24,25
60.7,-23.7,25.3
61.6,-23.17,25.83
62.5,-22.63,26
63.4,-22.1,26
64.4,-21.56,26
65.3,-21.03,26
66.2,-20.49,26.51
67.1,-19.96,27
68,-19.42,27
68.9,-18.89,27
69.9,-18.35,27
70.8,-17.82,27.18
71.7,-17.28,27.72
72.6,-16.75,28
73.5,-16.21,28
74.5,-15.68,28
75.4,-15.14,28
76.3,-14.61,28
77.2,-14.07,28
78.1,-13.54,28.46
79.1,-13,29
80,-12.47,29
80.9,-11.93,29
81.8,-11.4,29
82.7,-10.86,29.14
83.7,-10.33,29.67
84.6,-9.79,30
85.5,-9.26,30
86.4,-8.72,30
87.3,-8.19,30
88.3,-7.65,30
89.2,-7.12,30
90.1,-6.59,30.41
91,-6.05,30.95
91.9,-5.52,31
92.9,-4.98,31
93.8,-4.45,31
94.7,-3.91,31
95.6,-3.38,31
96.5,-2.84,31.16
97.4,-2.31,31.69
98.4,-1.77,32
99.3,-1.24,32
100.2,-0.7,32
101.1,-0.17,32
102,0.37,32
103,0.9,32
103.9,1.44,32
104.8,1.97,32
105.7,2.51,32.51
106.6,3.04,33
107.6,3.58,33
108.5,4.11,33
109.4,4.65,33
110.3,5.18,33
111.2,5.72,33
112.2,6.25,33.25
113.1,6.79,33.79
114,7.32,34
114.9,7.86,34
115.8,8.39,34
116.8,8.93,34
117.7,9.46,34
118.6,10,34
119.5,10.53,34
120.4,11.06,34.06
121.3,11.6,34.6
122.3,12.13,35
123.2,12.67,35
124.1,13.2,35
125,13.74,35
125.9,14.27,35
126.9,14.81,35
127.8,15.34,35
128.7,15.88,35
129.6,16.41,35.41
130.5,16.95,35.95
131.5,17.48,36
132.4,18.02,36
133.3,18.55,36
134.2,19.09,36
135.1,19.62,36
136.1,20.16,36
137,20.69,36
137.9,21.23,36.23
138.8,21.76,36.76
139.7,22.3,37
140.7,22.83,37
141.6,23.37,37
142.5,23.9,37
143.4,24.44,37
144.3,24.97,37
145.2,25.51,37
146.2,26.04,37.04
147.1,26.58,37.58
148,27.11,38
148.9,27.64,38
149.8,28.18,38
150.8,28.71,38
151.7,29.25,38
152.6,29.78,38
153.5,30.32,38
154.4,30.85,38
155.4,31.39,38
156.3,31.92,38
157.2,32.46,38.46
158.1,32.99,38.99
159,33.53,39
160,34.06,39
160.9,34.6,39
161.8,35.13,39
162.7,35.67,39
163.6,36.2,39
164.6,36.74,39
165.5,37.27,39
166.4,37.81,39
167.3,38.34,39.34
168.2,38.88,39.88
169.1,39.41,40
170.1,39.95,40
171,40.48,40
171.9,41.02,40
172.8,41.55,40
173.7,42.09,40
174.7,42.62,40
175.6,43.16,40
176.5,43.69,40
177.4,44.23,40
178.3,44.76,40
179.3,45.29,40.29
180.2,45.83,40.83
181.1,46.36,41
182,46.9,41
182.9,47.43,41
183.9,47.97,41
184.8,48.5,41
185.7,49.04,41
186.6,49.57,41
187.5,50.11,41
188.5,50.64,41
189.4,51.18,41
190.3,51.71,41
191.2,52.25,41.25
192.1,52.78,41.78
193.1,53.32,42
194,53.85,42
194.9,54.39,42
195.8,54.92,42
196.7,55.46,42
197.6,55.99,42
198.6,56.53,42
199.5,57.06,42
200.4,57.6,42
201.3,58.13,42
202.2,58.67,42
203.2,59.2,42.2
204.1,59.74,42.74
205,60.27,43
205.9,60.81,43
206.8,61.34,43
207.8,61.87,43
208.7,62.41,43
209.6,62.94,43
210.5,63.48,43
211.4,64.01,43
212.4,64.55,43
213.3,65.08,43
214.2,65.62,43
215.1,66.15,43
216,66.69,43
217,67.22,43.22
217.9,67.76,43.76
218.8,68.29,44
219.7,68.83,44
220.6,69.36,44
221.5,69.9,44
222.5,70.43,44
223.4,70.97,44
224.3,71.5,44
225.2,72.04,44
226.1,72.57,44
227.1,73.11,44
228,73.64,44
228.9,74.18,44
229.8,74.71,44
230.7,75.25,44.25
231.7,75.78,44.78
232.6,76.32,45
233.5,76.85,45
234.4,77.39,45
235.3,77.92,45
236.3,78.46,45
237.2,78.99,45
238.1,79.52,45
239,80.06,45
239.9,80.59,45
240.9,81.13,45
241.8,81.66,45
242.7,82.2,45
243.6,82.73,45
244.5,83.27,45
245.4,83.8,45
246.4,84.34,45.34
247.3,84.87,45.87
248.2,85.41,46
249.1,85.94,46
250,86.48,46
251,87.01,46
251.9,87.55,46
252.8,88.08,46
253.7,88.62,46
254.6,89.15,46
255.6,89.69,46
256.5,90.22,46
257.4,90.76,46
258.3,91.29,46
259.2,91.83,46
260.2,92.36,46
261.1,92.9,46
262,93.43,46
262.9,93.97,46
263.8,94.5,46.5
264.8,95.04,47
265.7,95.57,47
266.6,96.11,47
267.5,96.64,47
268.4,97.17,47
269.3,97.71,47
270.3,98.24,47
271.2,98.78,47
272.1,99.31,47
273,99.85,47
273.9,100.38,47
274.9,100.92,47
275.8,101.45,47
276.7,101.99,47
277.6,102.52,47
278.5,103.06,47
279.5,103.59,47
280.4,104.13,47
281.3,104.66,47
282.2,105.2,47.2
283.1,105.73,47.73
284.1,106.27,48
285,106.8,48
285.9,107.34,48
286.8,107.87,48
287.7,108.41,48
288.7,108.94,48
289.6,109.48,48
290.5,110.01,48
291.4,110.55,48
292.3,111.08,48
293.3,111.62,48
294.2,112.15,48
295.1,112.69,48
296,113.22,48
296.9,113.75,48
297.8,114.29,48
298.8,114.82,48
299.7,115.36,48
300.6,115.89,48
301.5,116.43,48
302.4,116.96,48
303.4,117.5,48
304.3,118.03,48.03
305.2,118.57,48.57
306.1,119.1,49
307,119.64,49
308,120.17,49
308.9,120.71,49
309.8,121.24,49
310.7,121.78,49
311.6,122.31,49
312.6,122.85,49
313.5,123.38,49
314.4,123.92,49
315.3,124.45,49
316.2,124.99,49
317.2,125.52,49
318.1,126.06,49
319,126.59,49
319.9,127.13,49
320.8,127.66,49
321.7,128.2,49
322.7,128.73,49
323.6,129.27,49
324.5,129.8,49
325.4,130.34,49
326.3,130.87,49
327.3,131.4,49
328.2,131.94,49
329.1,132.47,49.47
330,133.01,50
330.9,133.54,50
331.9,134.08,50
332.8,134.61,50
333.7,135.15,50
334.6,135.68,50
335.5,136.22,50
336.5,136.75,50
337.4,137.29,50
338.3,137.82,50
339.2,138.36,50
340.1,138.89,50
341.1,139.43,50
342,139.96,50
342.9,140.5,50
343.8,141.03,50
344.7,141.57,50
345.6,142.1,50
346.6,142.64,50
347.5,143.17,50
348.4,143.71,50
349.3,144.24,50
350.2,144.78,50
351.2,145.31,50
352.1,145.85,50
353,146.38,50
353.9,146.92,50
354.8,147.45,50
355.8,147.98,50
356.7,148.52,50.52
357.6,149.05,51
358.5,149.59,51
359.4,150.12,51
360.4,150.66,51
361.3,151.39,51
362.2,152.46,51
363.1,153.26,51
364,153.8,51
365,154.33,51
365.9,154.87,51
366.8,155.4,51
367.7,155.94,51
368.6,156,51
369.5,156.01,51
370.5,156.54,51
371.4,157.08,51
372.3,157.61,51
373.2,158.15,51
374.1,158.68,51
375.1,159.22,51
376,159.75,51
376.9,160.29,51
377.8,160.82,51
378.7,161.36,51
379.7,161.89,51
380.6,162.43,51
381.5,162.96,51
382.4,163.5,51
383.3,164.03,51
384.3,164.57,51
385.2,165.1,51
386.1,165.63,51
387,166.17,51
387.9,166.7,51
388.9,167.24,51
389.8,167.77,51
390.7,168.31,51
391.6,168.84,51
392.5,169.38,51
393.5,169.91,51
394.4,170.45,51
395.3,170.98,51
396.2,171.52,51.52
397.1,172.05,52
398,172.59,52
399,173.12,52
399.9,173.66,52
400.8,174.38,52
401.7,175.45,52
402.6,176.26,52
403.6,176.8,52
404.5,177.33,52
405.4,177.87,52
406.3,178,52
407.2,178,52
408.2,178.47,52
409.1,179.01,52
410,179.54,52
410.9,180.08,52
411.8,180.61,52
412.8,181.15,52
413.7,181.68,52
414.6,182.43,52
415.5,183.5,52
416.4,184.28,52
417.4,184.82,52
418.3,185.35,52
419.2,185.89,52
420.1,186.42,52
421,186.96,52
421.9,187.49,52
422.9,188.03,52
423.8,188.56,52
424.7,189.1,52
425.6,189.63,52
426.5,190.17,52
427.5,190.7,52
428.4,191.24,52
429.3,191.77,52
430.2,192.31,52
431.1,192.84,52
432.1,193.38,52
433,193.91,52
433.9,194.45,52
434.8,194.98,52
435.7,195.52,52
436.7,196.05,52
437.6,196.59,52
438.5,197.12,52
439.4,197.66,52
440.3,198.19,52
441.3,198.73,52
442.2,199.26,52
443.1,199.8,52
444,200.33,52
444.9,200.86,52
445.8,201.4,52
446.8,201.93,52
447.7,202.47,52
448.6,203,52
449.5,203.54,52
450.4,204.07,52
451.4,204.61,52
452.3,205.14,52
453.2,205.68,52
454.1,206.21,52
455,206.75,52
456,207.28,52
456.9,207.82,52
457.8,208.35,52
458.7,208.89,52
459.6,209.42,52.42
460.6,209.96,52.96
461.5,210.49,53
462.4,211.03,53
463.3,211.56,53
464.2,212.1,53
465.2,212.63,53
466.1,213.17,53
467,213.7,53
467.9,214.24,53
468.8,214.77,53
469.7,215.31,53
470.7,215.84,53
471.6,216.38,53
472.5,216.91,53
473.4,217.45,53
474.3,217.98,53
475.3,218.51,53
476.2,219.05,53
477.1,219.58,53
478,220.12,53
478.9,220.65,53
479.9,221.19,53
480.8,221.72,53
481.7,222.26,53
482.6,222.79,53
483.5,223.33,53
484.5,223.86,53
485.4,224.4,53
486.3,224.93,53
487.2,225.47,53
488.1,226,53
489.1,226.54,53
490,227.07,53
490.9,227.61,53
491.8,228.14,53
492.7,228.68,53
493.6,229.21,53
494.6,229.75,53
495.5,230.28,53
496.4,230.82,53
497.3,231.35,53
498.2,231.89,53
499.2,232.42,53
500.1,232.96,53
501,233.49,53
501.9,234.03,53
502.8,234.56,53
503.8,235.1,53
504.7,235.63,53
505.6,236.16,53
506.5,236.7,53
507.4,237.23,53
508.4,237.77,53
509.3,238.3,53
510.2,238.84,53
511.1,239.37,53
512,239.91,53
513,240.44,53
513.9,240.98,53
514.8,241.51,53
515.7,242.05,53
516.6,242.58,53
517.6,243.12,53
518.5,243.65,53
519.4,244.19,53
520.3,244.72,53
521.2,245.26,53
522.1,245.79,53
523.1,246.33,53
524,246.86,53
524.9,247.4,53
525.8,247.93,53
526.7,248.47,53
527.7,249,53
528.6,249.54,53
529.5,250.07,53
530.4,250.61,53
531.3,251.14,53
532.3,251.68,53
533.2,252.21,53
534.1,252.74,53
535,253.28,53
535.9,253.81,53
536.9,254.35,52.65
537.8,254.88,52.12
538.7,255.42,52
539.6,255.95,52
540.5,256.49,52
541.5,257.02,52
542.4,257.56,52
543.3,258.09,52
544.2,258.63,52
545.1,259.16,52
546,259.7,52
547,260.23,52
547.9,260.77,52
548.8,261.3,52
549.7,261.84,52
550.6,262.37,52
551.6,262.91,52
552.5,263.44,52
553.4,263.98,52
554.3,264.51,52
555.2,265.05,52
556.2,265.58,52
557.1,266.12,52
558,266.65,52
558.9,267.19,52
559.8,267.72,52
560.8,268.26,52
561.7,268.79,52
562.6,269.33,52
563.5,269.86,52
564.4,270.39,52
565.4,270.93,52
566.3,271.46,52
567.2,272,52
568.1,272.53,52
569,273.07,52
569.9,273.6,52
570.9,274.14,52
571.8,274.67,52
572.7,275.21,52
573.6,275.74,52
574.5,276.28,52
575.5,276.81,52
576.4,277.35,52
577.3,277.88,52
578.2,278.42,52
579.1,278.95,52
580.1,279.49,52
581,280.02,52
581.9,280.56,52
582.8,281.09,52
583.7,281.63,52
584.7,282.16,52
585.6,282.7,52
586.5,283.23,52
587.4,283.77,52
588.3,284.3,52
589.3,284.84,52
590.2,285.37,52
591.1,285.91,52
592,286.44,52
592.9,286.97,52
593.9,287.51,52
594.8,288.04,52
595.7,288.58,52
596.6,289.11,52
597.5,289.65,52
598.4,290.18,52
599.4,290.72,52
600.3,291.25,52
601.2,291.79,52
602.1,292.32,52
603,292.86,52
604,293.39,52
604.9,293.93,52
605.8,294.46,51.54
606.7,295,51
607.6,295.53,51
608.6,296.07,51
609.5,296.6,51
610.4,297.14,51
611.3,297.67,51
612.2,298.21,51
613.2,298.74,51
614.1,299.28,51
615,299.81,51
615.9,300.35,51
616.8,300.88,51
617.8,301.42,51
618.7,301.95,51
619.6,302.49,51
620.5,303.02,51
621.4,303.56,51
622.3,304.09,51
623.3,304.62,51
624.2,305.16,51
625.1,305.69,51
626,306.23,51
626.9,306.76,51
627.9,307.3,51
628.8,307.83,51
629.7,308.37,51
630.6,308.9,51
631.5,309.44,51
632.5,309.97,51
633.4,310.51,51
634.3,311.04,51
635.2,311.58,51
636.1,312.11,51
637.1,312.65,51
638,313.18,51
638.9,313.72,51
639.8,314.25,51
640.7,314.79,51
641.7,315.32,51
642.6,315.86,51
643.5,316.39,50.61
644.4,316.93,50.07
645.3,317.46,50
646.2,318,50
647.2,318.53,50
648.1,319.07,50
649,319.6,50
649.9,320.14,50
650.8,320.67,50
651.8,321.21,50
652.7,321.74,50
653.6,322.27,50
654.5,322.81,50
655.4,323.34,50
656.4,323.88,50
657.3,324.41,50
658.2,324.95,50
659.1,325.48,50
660,326.02,50
661,326.55,50
661.9,327.09,50
662.8,327.62,50
663.7,328.16,50
664.6,328.69,50
665.6,329.23,50
666.5,329.76,50
667.4,330.3,50
668.3,330.83,50
669.2,331.37,50
670.1,331.9,50
671.1,332.44,49.56
672,332.97,49.03
672.9,333.51,49
673.8,334.04,49
674.7,334.58,49
675.7,335.11,49
676.6,335.65,49
677.5,336.18,49
678.4,336.72,49
679.3,337.25,49
680.3,337.79,49
681.2,338.32,49
682.1,338.85,49
683,339.39,49
683.9,339.92,49
684.9,340.46,49
685.8,340.99,49
686.7,341.53,49
687.6,342.06,49
688.5,342.6,49
689.5,343.13,49
690.4,343.67,49
691.3,344.2,49
692.2,344.74,49
693.1,345.27,49
694,345.81,49
695,346.34,48.66
695.9,346.88,48.12
696.8,347.41,48
697.7,347.95,48
698.6,348.48,48
699.6,349.02,48
700.5,349.55,48
701.4,350.09,48
702.3,350.62,48
703.2,351.16,48
704.2,351.69,48
705.1,352.23,48
706,352.76,48
706.9,353.3,48
707.8,353.83,48
708.8,354.37,48
709.7,354.9,48
710.6,355.44,48
711.5,355.97,48
712.4,356.5,48
713.4,357.04,48
714.3,357.57,48
715.2,358.11,48
716.1,358.64,48
717,359.18,47.82
718,359.71,47.29
718.9,360.25,47
719.8,360.78,47
720.7,361.32,47
721.6,361.85,47
722.5,362.39,47
723.5,362.92,47
724.4,363.46,47
725.3,363.99,47
726.2,364.53,47
727.1,365.06,47
728.1,365.6,47
729,366.13,47
729.9,366.67,47
730.8,367.2,47
731.7,367.74,47
732.7,368.27,47
733.6,368.81,47
734.5,369.34,47
735.4,369.88,47
736.3,370.41,46.59
737.3,370.95,46.05
738.2,371.48,46
739.1,372.02,46
740,372.55,46
740.9,373.09,46
741.9,373.62,46
742.8,374.15,46
743.7,374.69,46
744.6,375.22,46
745.5,375.76,46
746.4,376.29,46
747.4,376.83,46
748.3,377.36,46
749.2,377.9,46
750.1,378.43,46
751,378.97,46
752,379.5,46
752.9,380.04,45.96
753.8,380.57,45.43
754.7,381.11,45
755.6,381.64,45
756.6,382.18,45
757.5,382.71,45
758.4,383.25,45
759.3,383.78,45
760.2,384.32,45
761.2,384.85,45
762.1,385.77,45
763,386.84,45
763.9,387.46,45
764.8,387.99,45
765.8,388,45
766.7,388.12,45
767.6,389.19,45
768.5,390.13,44.87
769.4,390.67,44.33
770.3,391,44
771.3,391,44
772.2,391.27,44
773.1,391.8,44
774,392.34,44
774.9,392.87,44
775.9,393.41,44
776.8,393.94,44
777.7,394.48,44
778.6,395.01,44
779.5,395.55,44
780.5,396.08,44
781.4,396.62,44
782.3,397.31,43.85
783.2,398.38,43.31
784.1,399.22,43
785.1,399.76,43
786,400.29,43
786.9,400.83,43
787.8,401.36,43
788.7,401.9,43
789.7,402.43,43
790.6,402.97,43
791.5,403.5,43
792.4,404.04,43
793.3,404.57,43
794.3,405.11,43
795.2,405.64,43
796.1,406.18,42.82
797,406.71,42.29
797.9,407.25,42
798.8,407.78,42
799.8,408.32,42
800.7,408.85,42
801.6,409.38,42
802.5,409.92,42
803.4,410.45,42
804.4,410.99,42
805.3,411.52,42
806.2,412.06,42
807.1,412.59,42
808,413.13,42
809,413.66,42
809.9,414.2,41.8
810.8,414.73,41.27
811.7,415.27,41
812.6,415.8,41
813.6,416,41
814.5,416,41
815.4,416.41,41
816.3,416.94,41
817.2,417.48,41
818.2,418.01,41
819.1,418.55,41
820,419.16,41
820.9,420.23,41
821.8,421.15,40.85
822.7,421.69,40.31
823.7,422.22,40
824.6,422.76,40
825.5,423.29,40
826.4,423.83,40
827.3,424.36,40
828.3,424.9,40
829.2,425.43,40
830.1,425.96,40
831,426.5,40
831.9,427.03,39.97
832.9,427.57,39.43
833.8,428.1,39
834.7,428.64,39
835.6,429.17,39
836.5,429.71,39
837.5,430.24,39
838.4,430.78,39
839.3,431.31,39
840.2,431.85,39
841.1,432.38,39
842.1,432.92,39
843,433.45,38.55
843.9,433.99,38.01
844.8,434.52,38
845.7,435.06,38
846.6,435.59,38
847.6,436.13,38
848.5,436.66,38
849.4,437.2,38
850.3,437.73,38
851.2,438.27,38
852.2,438.8,38
853.1,439.34,37.66
854,439.87,37.13
854.9,440.41,37
855.8,440.94,37
856.8,441.48,37
857.7,442.01,37
858.6,442.55,37
859.5,443.08,37
860.4,443.61,37
861.4,444.15,37
862.3,444.68,37
863.2,445.22,36.78
864.1,445.75,36.25
865,446.29,36
866,446.82,36
866.9,447.36,36
867.8,447.89,36
868.7,448.43,36
869.6,448.96,36
870.5,449.5,36
871.5,450.03,35.97
872.4,450.57,35.43
873.3,451.1,35
874.2,451.64,35
875.1,452.17,35
876.1,452.71,35
877,453.24,35
877.9,453.78,35
878.8,454.31,35
879.7,454.85,35
881,456.14,35.38
882.3,457.75,35.92
883.6,459.8,37.35
885,461.94,38.96
886.3,464.08,40.04
887.6,466.22,41.11
889,468.36,42.18
890.3,470.38,43.25
891.7,471.98,44.32
893,473.78,45.2
894.3,475.92,45.73
895.7,478.06,46.53
897,480.2,47.6
898.3,482.34,48.67
899.7,484.48,49.74
900.6,485.81,50.4
901.5,486.88,50.94
902.3,488.42,51.47
903.1,490.02,52.01
904,491.09,52.54
904.8,492.24,53.08
905.7,493.84,53.61
906.5,495.3,54.15
907.3,496.37,54.68
908.2,497.65,55.22
909,499.26,55.75
909.8,500.57,56
910.7,501.64,56
911.5,502.71,56.36
912.3,503.78,56.89
913.2,504.85,57.43
914,505.92,57.96
914.8,507.49,58.5
915.7,509.06,59
916.5,510.13,59
917.4,511.3,59.1
918.2,512.91,59.64
919,514.34,60.17
919.9,515.41,60.71
920.7,516.48,61.24
921.5,517.55,61.78
922.4,518.93,62
923.2,520.53,62
924,521.76,62.38
924.9,522.83,62.91
925.7,523.9,63.45
926.5,524.97,63.98
927.4,526.56,64
928.2,528.11,64.05
929.1,529.18,64.59
929.9,530.37,65.12
930.7,531.98,65.66
931.6,533.39,66
932.4,534.46,66
933.2,535.53,66.26
934.1,536.6,66.8
934.9,538,67.33
935.7,539.6,67.87
936.6,540.8,68
937.4,541.87,68
938.2,542.94,68.47
939.1,544.02,69.01
939.9,545.63,69.54
940.7,547.15,70
941.6,548.22,70
942.4,549.44,70.15
943.3,551.04,70.68
944.1,552.43,71
944.9,553.5,71
945.8,554.57,71.29
946.6,555.64,71.82
947.4,557.07,72
948.3,558.67,72
949.1,559.85,72.43
949.9,560.92,72.96
950.8,561.99,73
951.6,563.09,73.03
952.4,564.69,73.56
953.3,566.2,74
954.1,567.27,74
955,568.51,74.17
955.8,570.11,74.7
956.6,571.48,75
957.5,572.55,75
958.3,573.62,75.31
959.1,574.69,75.84
960,576.13,76
960.8,577.74,76
961.6,578.9,76.45
962.5,579.97,76.98
963.3,581.04,77
964.1,582.16,77.05
965,583.76,77.59
965.8,585.24,78
966.7,586.31,78
967.5,587.38,78.19
968.3,588.45,78.73
969.2,589.78,79
970,591.39,79
970.8,592.66,79.33
971.7,593.73,79.87
972.5,594.8,80
973.3,595.87,80
974.2,597.41,80
975,599.01,80.01
975.8,600.08,80.54
976.7,601.15,81
977.5,602.22,81
978.4,603.43,81
979.2,605.04,81
980,606.43,81.21
980.9,607.5,81.75
981.7,608.85,82
982.5,610.46,82
983.4,611.71,82.35
984.2,612.78,82.89
985,614.27,83
985.9,615.87,83
986.7,616.99,83
987.5,618.06,83.03
988.4,619.13,83.56
989.2,620.29,84
990.1,621.9,84
990.9,623.33,84
991.7,624.4,84
992.6,625.47,84.24
993.4,626.54,84.77
994.2,627.92,85
995.1,629.52,85
995.9,630.75,85
996.7,631.82,85
997.6,632.89,85.45
998.4,633.96,85.98
999.2,635.55,86
1000.1,637.1,86
1000.9,638.17,86
1001.8,639.36,86.12
1002.6,640.97,86.66
1003.4,642.38,87
1004.3,643.45,87
1005.1,644.52,87
1005.9,645.59,87
1006.8,646.99,87.33
1007.6,648.59,87.86
1008.4,649.8,88
1009.3,650.87,88
1010.1,651.94,88
1011,653.01,88
1011.8,654.62,88.54
1012.6,656.15,89
1013.5,657.22,89
1014.3,658.43,89
1015.1,660.03,89
1016,661.43,89
1016.8,662.5,89
1017.6,663.85,89.28
1018.5,665.45,89.82
1019.3,666.7,90
1020.1,667.77,90
1021,668.84,90
1021.8,669.91,90
1022.7,670.98,90
1023.5,672.08,90.03
1024.3,673.68,90.56
1025.2,675.19,91
1026,676.26,91
1026.8,677.5,91
1027.7,679.1,91
1028.5,680.47,91
1029.3,681.54,91
1030.2,682.92,91.31
1031,684.52,91.84
1031.8,685.75,92
1032.7,686.82,92
1033.5,687.89,92
1034.4,688.96,92
1035.2,690.54,92
1036,692.1,92.05
1036.9,693.17,92.58
1037.7,694.24,93
1038.5,695.31,93
1039.4,696.57,93
1040.2,698.17,93
1041,699.52,93
1041.9,700.59,93
1042.7,701.66,93
1043.5,702.73,93
1044.4,704.19,93.4
1045.2,705.8,93.93
1046,706.93,94
1046.9,708.01,94
1047.7,709.61,94
1048.6,711.14,94
1049.4,712.21,94
1050.2,713.28,94
1051.1,714.35,94
1051.9,715.63,94.21
1052.7,717.24,94.75
1053.6,718.56,95
1054.4,719.63,95
1055.2,721.05,95
1056.1,722.66,95
1056.9,723.84,95
1057.7,724.91,95
1058.6,725.98,95
1059.4,727.07,95
1060.3,728.68,95
1061.1,730.19,95.09
1061.9,731.26,95.63
1062.8,732.33,96
1063.6,733.4,96
1064.4,734.7,96
1065.3,736.31,96
1066.1,737.61,96
1066.9,738.68,96
1067.8,739.75,96
1068.6,740.82,96
1069.4,742.33,96
1070.3,743.93,96
1071.1,745.03,96
1072,746.09,96.05
1072.8,747.16,96.58
1073.6,748.35,97
1074.5,749.96,97
1075.3,751.37,97
1076.1,752.44,97
1077,753.77,97
1077.8,755.37,97
1078.6,756.65,97
1079.5,757.72,97
1080.3,759.19,97
1081.1,760.79,97
1082,761.93,97
1082.8,763,97
1083.7,764.07,97
1084.5,765.14,97
1085.3,766.21,97
1086.2,767.42,97.14
1087,769.02,97.67
1087.8,770.42,98
1088.7,771.49,98
1089.5,772.84,98
1090.3,774.44,98
1091.2,775.7,98
1092,776.77,98
1092.8,777.84,98
1093.7,778.91,98
1094.5,779.98,98
1095.4,781.07,98
1096.2,782.67,98
1097,784.19,98
1097.9,785.26,98
1098.7,786.49,98
1099.5,788.09,98
1100.5,789.7,98
1101.7,791.3,98
1102.9,792.91,98
1104,794.51,98
1105.2,796.49,98
1106.4,798.63,98
1107.5,800.32,98.44
1108.7,801.93,98.98
1109.9,803.53,99
1111,805.14,99
1112.2,806.74,99
1113.4,808.46,99
1114.6,810.6,99
1115.7,812.56,99
1116.9,814.16,99
1118.1,816.02,99
1119.2,818.16,99
1120.4,819.97,99
1121.6,821.58,99
1122.7,823.58,99
1123.9,825.72,99
1125.1,827.39,99
1126.3,829,99
1127.4,830.6,99
1128.6,832.27,99
1129.8,834.41,99
1130.9,836.41,99
1132.1,838.02,99
1133.3,839.62,99
1134.4,841.23,99
1135.6,842.83,99
1136.8,844.44,99
1138,846.39,99
1139.1,848.53,99
1140.3,850.25,99
1141.5,851.85,99
1142.6,853.46,99
1143.8,855.06,99
1145,856.67,99
1146.1,858.36,99
1147.3,860.5,99
1148.5,862.48,98.84
1149.7,864.09,98.3
1150.8,865.69,98
1152,867.3,98
1153.2,869.2,98
1154.3,871.34,98
1155.5,873.11,98
1156.7,874.71,98
1157.8,876.32,98
1159,877.92,98
1160.2,880.04,98
1161.4,882.13,98
1162.5,883.74,98
1163.7,885.34,98
1164.9,886.95,98
1166,888.73,98
1167.2,890.87,98
1168.4,892.76,98
1169.5,894.36,98
1170.7,895.97,98
1171.9,897.57,98
1173.1,899.57,97.61
1174.2,901.71,97.07
1175.4,903.39,97
1176.6,904.99,97
1177.7,906.6,97
1178.9,908.2,97
1180.1,909.8,97
1181.2,911.55,97
1182.4,913.68,97
1183.6,915.62,97
1184.7,917.22,97
1185.9,919.1,97
1187.1,921.24,97
1188.3,923.04,96.65
1189.4,924.64,96.12
1190.6,926.25,96
1191.8,927.85,96
1192.9,929.45,96
1194.1,931.08,96
1195.3,933.22,96
1196.5,935.27,96
1197.6,936.87,96
1198.8,938.64,95.84
1200,940.78,95.31
1201.1,942.69,95
1202.3,944.29,95
1203.5,945.9,95
1204.6,947.5,95
1205.8,949.1,95
1207,950.71,95
1208.2,952.31,94.56
1209.3,953.92,94.03
1210.5,956.03,94
1211.7,958.17,94
1212.8,960.31,94
1214,962.34,94
1215.2,963.94,94
1216.3,965.55,93.82
1217.5,967.15,93.28
1218.7,969.01,93
1219.8,971.15,93
1221,972.96,93
1222.2,974.57,93
1223.4,976.17,92.61
1224.5,977.78,92.07
1225.7,979.84,92
1226.9,981.98,92
1228,983.59,92
1229.2,985.2,91.93
1230.4,986.8,91.4
1231.6,988.4,91
1232.7,990.01,91
1233.9,991.82,91
1235.1,993.96,91
1236.2,995.82,90.73
1237.4,997.43,90.19
1238.6,999.03,90
1239.7,1000.64,90
1240.9,1002.24,90
1242.1,1003.84,90
1243.3,1005.93,89.52
1244.4,1008.05,89
1245.6,1009.66,89
1246.8,1011.26,89
1247.9,1012.87,89
1249.1,1014.47,88.84
1250.3,1016.08,88.31
1251.4,1017.91,88
1252.6,1020.05,88
1253.8,1021.89,87.7
1254.9,1023.49,87.17
1256.1,1025.47,87
1257.3,1027.61,87
1258.5,1029.31,86.56
1259.6,1030.91,86.03
1260.8,1033.02,86
1262,1035.12,85.96
1263.1,1036.73,85.42
1264.3,1038.33,85
1265.5,1039.94,85
1266.6,1041.54,84.82
1267.8,1043.14,84.29
1269,1044.75,84
1270.2,1046.35,84
1271.3,1048.28,84
1272.5,1050.42,84
1273.7,1052.17,83.61
1274.8,1053.77,83.08
1276,1055.84,82.54
1277.2,1057.97,82.01
1278.3,1059.59,82
1279.5,1061.19,81.94
1280.7,1062.79,81.4
1281.9,1064.53,81
1283,1066.67,81
1284.2,1068.61,80.8
1285.4,1070.21,80.26
1286.5,1071.82,80
1287.7,1073.42,80
1288.9,1075.37,79.66
1290,1077.51,79.12
1291.2,1079.24,78.59
1292.4,1080.84,78.05
1293.6,1082.44,78
1294.7,1084.07,77.98
1295.9,1086.2,77.45
1297.1,1088.26,76.91
1298.2,1089.86,76.38
1299.4,1091.47,76
1300.6,1093.07,76
1301.7,1094.68,75.77
1302.9,1096.28,75.24
1304.1,1097.89,74.7
1305.3,1099.49,74.17
1306.4,1101.46,74
1307.6,1103.6,74
1308.8,1105.3,73.57
1309.9,1106.91,73.03
1311.1,1109.02,72.5
1312.3,1111.12,71.96
1313.4,1112.72,71.43
1314.6,1114.33,71
1315.8,1115.93,71
1317,1117.71,70.82
1318.1,1119.85,70.29
1319.3,1121.74,69.75
1320.5,1123.35,69.22
1321.6,1124.95,68.68
1322.8,1126.56,68.15
1324,1128.55,67.61
1325.1,1130.69,67.08
1326.3,1132.37,66.54
1327.5,1133.98,66.01
1328.7,1135.58,65.47
1329.8,1137.25,64.94
1331,1139.39,64.4
1332.2,1141.39,63.87
1333.3,1143,63.33
1334.5,1144.6,63
1335.7,1146.21,63
1336.8,1148.08,62.73
1338,1150.22,62.19
1339.2,1152.02,61.66
1340.4,1153.63,61.12
1341.5,1155.23,60.18
1342.7,1156.83,59.11
1343.9,1158.92,58.52
1345,1161.04,57.99
1346.2,1162.65,57.45
1347.4,1164.25,56.92
1348.5,1165.86,56.38
1349.7,1167.62,55.85
1350.9,1169.76,55.31
1352.1,1171.67,54.78
1353.2,1173.28,54.24
1354.4,1174.88,53.41
1355.6,1176.48,52.34
1356.7,1178.09,51.64
1357.9,1179.69,51.1
1359.1,1181.73,50.57
1360.2,1183.87,50.03
1361.4,1185.51,49
1362.6,1187.11,47.96
1363.8,1188.72,47.43
1364.9,1190.32,46.79
1366.1,1191.93,45.72
1367.3,1193.71,44.82
1368.4,1195.85,44.29
1369.6,1197.74,43.51
1370.8,1199.34,42.44
1371.9,1201.26,41.37
1373.1,1203.4,40.3
1374.3,1205.16,39.23
1375.5,1206.76,38.16
1376.6,1208.37,37.09
1377.8,1209.97,36.02
1379,1212.1,34.95
1380.2,1214.18,33.94
1381.5,1215.78,33.41
1382.8,1217.39,32.87
1384.2,1218.99,32.34
1385.5,1220.6,31.8
1386.8,1222.2,31.27
1388.2,1223.81,30.73
1389.5,1225.41,30.2
1390.6,1229.39,35.08
1391.6,1234.74,43.1
1392.6,1240.49,49.9
1393.6,1246.38,56.32
1394.6,1252.26,61.3
1395.6,1258.16,66.12
1396.7,1264.57,70.93
1397.7,1270.83,75.41
1398.7,1276.18,78.09
1399.7,1281.52,80.76
1400.7,1286.87,83.44
1401.7,1292.22,86.11
1402.7,1297.57,88.78
1403.7,1303.21,91.46
1404.7,1309.09,94.13
1405.7,1314.98,96.08
1406.7,1320.86,97.69
1407.7,1326.74,99.29
1408.7,1332.63,100.9
1409.7,1338.01,102
1410.7,1343.39,103.07
1411.7,1349.28,104.14
1412.7,1355.16,105.21
1413.7,1361.04,106.28
1414.7,1366.93,107.18
1415.7,1372.81,107.71
1416.7,1378.45,108.24
1417.7,1383.8,108.78
1418.7,1389.46,109.31
1419.7,1395.34,109.85
1420.7,1401.61,110
1421.7,1408.03,110
1422.7,1413.99,110
1423.7,1419.88,110
1424.7,1425.24,109.48
1425.7,1430.58,109
1426.7,1435.93,109
1427.7,1441.41,108.74
1428.7,1447.29,107.67
1429.7,1452.98,106.8
1430.8,1458.33,106.27
1431.8,1463.67,105.47
1432.8,1469.02,104.4
1433.8,1474.71,103.33
1434.8,1480.59,102.26
1435.8,1486.07,100.78
1436.8,1491.42,99.18
1437.8,1496.76,97.57
1438.8,1502.12,95.95
1439.8,1508.01,93.82
1440.8,1513.89,91.68
1441.8,1519.77,89.54
1442.8,1525.51,87.25
1443.8,1530.86,84.57
1444.8,1536.64,81.46
1445.8,1543.06,77.71
1446.8,1549.19,73.97
1447.8,1555.07,70.23
1448.8,1560.6,66.48
1449.8,1565.95,62.74
1450.8,1568.29,62
1451.9,1569.89,62
1452.9,1571.5,62.5
1454,1573.14,63.03
1455,1575.28,63.57
1456.1,1577.31,64.1
1457.1,1578.92,64.64
1458.2,1580.52,65.17
1459.2,1582.12,65.71
1460.2,1583.73,66.24
1461.3,1585.33,66.78
1462.3,1586.94,67.31
1463.4,1588.54,67.85
1464.4,1590.15,68.38
1465.5,1591.75,68.92
1466.5,1593.81,69.45
1467.6,1595.95,69.99
1468.6,1597.57,70
1469.6,1599.17,70.06
1470.7,1600.77,70.59
1471.7,1602.38,71.13
1472.8,1603.98,71.66
1473.8,1605.59,72.2
1474.9,1607.19,72.73
1475.9,1608.8,73
1477,1610.4,73
1478,1612.34,73.34
1479.1,1614.48,73.87
1480.1,1616.22,74.41
1481.1,1617.82,74.94
1482.2,1619.42,75
1483.2,1621.03,75.01
1484.3,1622.63,75.54
1485.3,1624.24,76.08
1486.4,1625.84,76.61
1487.4,1627.6,77
1488.4,1629.74,77
1489.5,1631.44,77.22
1490.5,1632.51,77.75
1491.6,1634.15,78.29
1492.6,1636.29,78.82
1493.7,1638.07,79
1494.7,1639.68,79
1495.8,1641.28,79.43
1496.8,1642.89,79.96
1497.9,1644.49,80
1498.9,1646.1,80.03
1499.9,1647.7,80.57
1501,1649.31,81
1502,1650.91,81
1503.1,1652.69,81.17
1504.1,1654.83,81.71
1505.2,1656.48,82.24
1506.2,1657.55,82.78
1507.3,1658.93,83
1508.3,1660.54,83
1509.3,1662.52,83.38
1510.4,1664.66,83.92
1511.4,1666.35,84
1512.5,1667.96,84
1513.5,1669.56,84.52
1514.6,1671.17,85
1515.6,1672.77,85
1516.7,1674.37,85
1517.7,1675.98,85
1518.7,1677.58,85.19
1519.8,1679.19,85.73
1520.8,1680.79,86
1521.9,1682.4,86
1522.9,1684,86.33
1524,1685.61,86.87
1525,1687.61,87
1526.1,1689.75,87
1527.1,1691.42,87.47
1528.1,1693.02,88
1529.2,1694.63,88
1530.2,1696.23,88
1531.3,1697.84,88
1532.3,1699.44,88.15
1533.4,1701.05,88.68
1534.4,1702.65,89
1535.5,1704.26,89
1536.5,1705.86,89.29
1537.5,1707.46,89.82
1538.6,1709.43,90
1539.6,1711.57,90
1540.7,1713.28,90
1541.7,1714.88,90
1542.8,1716.49,90.5
1543.8,1718.09,91
1544.9,1719.7,91
1545.9,1721.4,91
1547,1723.54,91
1548,1725.51,91.17
1549,1727.11,91.7
1550.1,1728.72,92
1551.1,1730.32,92
1552.2,1731.93,92
1553.2,1733.53,92
1554.3,1735.14,92.38
1555.3,1736.74,92.91
1556.4,1738.35,93
1557.4,1739.95,93
1558.4,1741.56,93
1559.5,1743.16,93.05
1560.5,1744.76,93.59
1561.6,1746.49,94
1562.6,1748.63,94
1563.7,1750.58,94
1564.7,1752.18,94
1565.7,1753.52,94
1566.8,1754.59,94
1567.8,1756.33,94.33
1568.9,1758.47,94.87
1569.9,1760.21,95
1571,1761.81,95
1572,1763.41,95
1573.1,1765.02,95
1574.1,1766.62,95
1575.2,1768.3,95
1576.2,1770.44,95
1577.2,1772.44,95.15
1578.3,1774.04,95.68
1579.3,1775.65,96
1580.4,1777.25,96
1581.4,1778.86,96
1582.5,1780.46,96
1583.5,1782.06,96
1584.6,1783.67,96
1585.6,1785.27,96
1586.6,1786.88,96
1587.7,1788.48,96.49
1588.7,1790.09,97
1589.8,1791.69,97
1590.8,1793.3,97
1591.9,1794.9,97
1592.9,1796.51,97
1594,1798.11,97
1595,1799.95,97
1596,1802.09,97
1597.1,1803.92,97.31
1598.1,1805.53,97.84
1599.2,1807.13,98
1600.2,1808.74,98
1601.3,1810.34,98
1602.3,1811.95,98
1603.4,1813.55,98
1604.4,1815.16,98
1605.4,1816.76,98
1606.5,1818.36,98
1607.5,1819.97,98
1608.6,1821.57,98
1609.6,1823.18,98
1610.7,1825.04,98
1611.7,1827.18,98
1612.8,1828.99,98
1613.8,1830.6,98
1614.8,1832.2,98
1615.9,1833.8,98
1616.9,1835.41,98
1618,1837.01,98
1619,1838.62,98.54
1620.1,1840.3,99
1621.1,1842.44,99
1622.2,1844.43,99
1623.2,1846.04,99
1624.3,1847.64,99
1625.3,1849.25,99
1626.3,1850.85,99
1627.4,1852.45,99
1628.4,1854.06,99
1629.5,1855.66,99
1630.5,1857.27,99
1631.6,1858.87,99
1632.6,1860.48,99
1633.6,1862.08,99
1634.7,1863.69,99
1635.7,1865.29,99
1636.8,1866.9,99
1637.8,1868.67,99
1638.9,1870.81,99
1639.9,1872.71,99
1641,1874.31,99
1642,1875.92,99
1643.1,1877.52,99
1644.1,1879.13,99
1645.1,1880.73,99
1646.2,1882.34,99
1647.2,1883.94,99
1648.3,1885.55,99
1649.3,1887.2,99
1650.4,1889.34,99
1651.4,1891.36,99
1652.5,1892.96,99
1653.5,1894.57,99
1654.5,1896.17,99
1655.6,1897.78,99
1656.6,1899.38,99
1657.7,1900.99,99
1658.7,1902.59,99
1659.8,1904.2,99
1660.8,1905.8,99
1661.9,1907.4,98.53
1662.9,1909.01,98
1663.9,1910.61,98
1665,1912.29,98
1666,1914.43,98
1667.1,1916.43,98
1668.1,1918.03,98
1669.2,1919.64,98
1670.2,1921.24,98
1671.3,1922.85,98
1672.3,1924.45,98
1673.4,1926.05,98
1674.4,1927.66,98
1675.4,1929.26,98
1676.5,1930.87,98
1677.5,1932.47,98
1678.6,1934.08,98
1679.6,1935.68,98
1680.7,1937.38,97.9
1681.7,1939.52,97.37
1682.7,1941.5,97
1683.8,1943.1,97
1684.8,1944.7,97
1685.9,1946.31,97
1686.9,1947.91,97
1688,1949.52,97
1689,1951.12,97
1690.1,1952.73,97
1691.1,1954.33,97
1692.2,1955.94,97
1693.2,1957.54,97
1694.2,1959.15,96.95
1695.3,1960.75,96.42
1696.3,1962.35,96
1697.4,1963.96,96
1698.4,1965.75,96
1699.5,1967.89,96
1700.6,1970.03,96
1702,1972.17,96
1703.3,1974.31,95.67
1704.7,1976.45,95.14
1706,1978.59,95
1707.3,1980.73,95
1708.7,1982.87,95
1710,1985.01,95
1711.3,1987.14,95
1712.7,1989.28,94.93
1714,1991.42,94.39
1715.4,1993.56,94
1716.7,1995.7,94
1718,1997.84,94
1719.4,1999.98,94
1720.7,2002.12,93.72
1722,2004.26,93.19
1723.4,2006.05,93
1724.7,2007.65,93
1726.1,2009.68,93
1727.4,2011.82,93
1728.7,2013.47,93
1730.1,2015.12,92.98
1731.4,2017.79,92.44
1732.7,2020.37,92
1734.1,2022.51,92
1735.4,2024.82,91.84
1736.8,2027.49,91.3
1738.1,2029.93,91
1739.4,2032.07,91
1740.8,2034.21,90.7
1742.1,2036.35,90.16
1743.4,2038.49,90
1744.8,2040.63,90
1746.1,2042.77,89.56
1747.4,2044.91,89.02
1748.8,2047.05,89
1750.1,2049.19,88.95
1751.5,2051.33,88.42
1752.8,2053.47,88
1754.1,2055.6,88
1755.5,2057.74,87.81
1756.8,2059.88,87.28
1758.1,2062.02,87
1759.5,2064.16,87
1760.8,2066.3,86.67
1762.2,2068.44,86.14
1763.5,2070.58,85.6
1764.8,2072.72,85.07
1766.2,2074.86,85
1767.5,2077,85
1768.8,2079.14,84.47
1770.2,2081.28,84
1771.5,2083.42,84
1772.9,2085.56,83.86
1774.2,2087.7,83.33
1775.5,2089.83,82.79
1776.9,2091.97,82.26
1778.2,2094.11,82
1779.5,2096.25,82
1780.9,2098.39,81.65
1782.2,2100.53,81.12
1783.5,2102.67,80.58
1784.9,2104.81,80.05
1786.2,2106.95,79.51
1787.6,2109.09,79
1788.9,2111.23,79
1790.2,2113.37,78.91
1791.6,2115.51,78.37
1792.9,2117.65,77.84
1794.2,2119.79,77.3
1795.6,2121.93,76.77
1796.9,2124.07,76.23
1798.3,2126.2,75.7
1799.6,2128.34,75.16
1800.9,2130.48,74.63
1802.3,2132.62,74.09
1803.6,2135.2,73.56
1804.9,2137.88,73.02
1806.3,2139.53,73
1807.6,2141.23,72.95
1809,2143.9,72.42
1810.3,2146.34,71.89
1811.6,2147.95,71.35
1813,2149.74,70.82
1814.3,2151.88,70.28
1815.6,2154.02,69.75
1817,2156.16,69.21
1818.3,2158.62,68.68
1819.7,2161.29,68.14
1821,2163.57,67.21
1822.3,2165.71,66.14
1823.7,2167.39,65.54
1825,2168.99,65
1826.3,2171.13,64.47
1827.7,2173.34,63.93
1829,2176.01,63.4
1830.3,2178.55,62.86
1831.7,2180.69,62.33
1833,2182.83,61.59
1834.4,2184.97,60.52
1835.7,2187.11,59.72
1837,2189.25,59.19
1838.4,2191.39,58.65
1839.7,2193.53,58.12
1841,2195.66,57.17
1842.4,2197.8,56.1
1843.7,2199.94,55.51
1845.1,2202.08,54.96
1846.4,2204.22,53.89
1847.7,2206.36,52.82
1849.1,2208.5,51.75
1850.4,2210.64,50.84
1851.7,2212.78,50.31
1853.1,2214.92,49.54
1854.4,2217.06,48.47
1855.8,2219.2,47.4
1857.1,2221.34,46.33
1858.4,2223.48,45.26
1859.8,2225.62,44.19
1860.8,2226.88,44
1861.8,2227.95,44
1862.8,2228.51,44
1863.8,2229.09,43.96
1864.8,2230.16,43.42
1865.8,2231.11,43
1866.8,2231.65,43
1867.8,2232.37,43
1868.9,2233.44,43
1869.9,2234.5,43
1870.9,2235.57,43
1871.9,2236.32,42.68
1872.9,2236.86,42.14
1873.9,2237.78,42
1874.9,2238.85,42
1875.9,2239.92,42
1876.9,2240.99,42
1877.9,2241.53,41.47
1878.9,2242.13,41
1879.9,2243.2,41
1880.9,2244.27,41
1881.9,2245.34,41
1882.9,2246.21,41
1883.9,2246.74,41
1884.9,2247.55,40.72
1885.9,2248.62,40.19
1886.9,2249.69,40
1887.9,2250.76,40
1888.9,2251.41,40
1889.9,2251.95,40
1890.8,2258.29,52.1
1891.8,2265.23,65.38
1892.7,2271.65,76.08
1893.6,2278.33,86.51
1894.5,2286.35,95.6
1895.4,2294.06,104.38
1896.4,2301.01,112.4
1897.3,2307.96,119.51
1898.2,2314.92,125.39
1899.1,2321.87,131.57
1900,2328.82,137.99
1900.9,2335.78,144.04
1901.9,2342.73,149.93
1902.8,2350.12,155.37
1903.7,2357.61,160.72
1904.6,2364.59,165.05
1905.5,2371.5,169.33
1906.5,2377.92,173.61
1907.4,2384.45,177.89
1908.3,2391.4,182.17
1909.2,2398.35,186.63
1910.1,2405.31,191.44
1911.1,2412.51,195.76
1912,2420,199.5
1912.9,2427.49,203.56
1913.8,2434.97,207.84
1914.7,2442.46,211.73
1915.7,2449.95,215.47
1916.6,2456.98,218.76
1917.5,2463.93,221.97
1918.4,2470.88,225.18
1919.3,2477.77,228.39
1920.3,2484.19,231.6
1921.2,2490.88,234.8
1922.1,2498.36,238.01
1923,2505.65,241.22
1923.9,2512.6,244.43
1924.8,2519.28,247.37
1925.8,2525.7,250.04
1926.7,2532.46,252.72
1927.6,2539.41,255.39
1928.5,2546.78,258.06
1929.4,2554.27,260.74
1930.4,2561.75,263.89
1931.3,2569.24,267.09
1932.2,2576.73,269.76
1933.1,2584.13,272.35
1934,2591.08,274.49
1935,2598.04,276.78
1935.9,2604.99,279.46
1936.8,2612.17,282.13
1937.7,2619.66,284.81
1938.6,2626.85,287.18
1939.6,2633.8,289.32
1940.5,2640.39,291.46
1941.4,2646.81,293.6
1942.3,2653.66,295.74
1943.2,2660.61,297.88
1944.2,2668.07,300.53
1945.1,2675.56,303.16
1946,2683.05,305.3
1946.9,2690.54,307.44
1947.8,2698.02,309.58
1948.8,2705.69,311.9
1949.7,2713.71,314.57
1950.6,2721.24,317
1951.5,2728.19,319.14
1952.4,2735.14,320.96
1953.3,2742.1,322.56
1954.3,2749.05,324.55
1955.2,2756,326.69
1956.1,2762.96,328.37
1957,2769.91,329.98
1957.9,2776.86,332.11
1958.9,2783.81,334.19
1959.8,2790.77,335.79
1960.7,2797.46,337.4
1961.6,2803.34,339
1962.5,2809.63,340.61
1963.5,2816.58,342.21
1964.4,2823.8,343.82
1965.3,2831.29,345.42
1966.2,2838.44,347.02
1967.1,2845.39,348.63
1968.1,2852.34,350.64
1969,2859.3,352.78
1969.9,2866.25,353.96
1970.8,2873.22,355.06
1971.7,2880.71,357.2
1972.7,2888.11,359.17
1973.6,2895.06,360.24
1974.5,2901.86,361.47
1975.4,2908.28,363.07
1976.3,2914.92,364.67
1977.3,2921.87,366.28
1978.2,2928.83,367.88
1979.1,2935.78,369.49
1980,2942.73,371.09
1980.9,2949.69,372.7
1981.8,2956.64,374.3
1982.8,2963.59,375.91
1983.7,2971.55,377.01
1984.6,2979.5,378.12
1985.5,2986.45,379.72
1986.4,2993.4,381.22
1987.4,3000.36,382.29
1988.3,3007.49,383.53
1989.2,3014.98,385.14
1990.1,3022.22,386.49
1991,3029.17,387.56
1992,3036.12,388.95
1992.9,3043.08,390.56
1993.8,3050.42,391.77
1994.7,3057.9,392.84
1995.6,3065.39,394.37
1996.6,3072.88,395.97
1997.5,3079.31,397.05
1998.4,3085.79,398.18
1999.3,3092.75,399.79
2000.2,3099.44,401.13
2001,3105.32,401.67
2001.9,3111.2,402.4
2002.7,3117.09,403.47
2003.5,3123.24,404.54
2004.4,3129.66,405.61
2005.2,3136.42,406.68
2006.1,3143.37,407.75
2006.9,3150.32,408.82
2007.7,3157.28,409.89
2008.6,3164.23,410.96
2009.4,3171.17,412.03
2010.2,3177.59,413.1
2011.1,3183.92,414.17
2011.9,3189.8,415.24
2012.7,3195.69,416.15
2013.6,3201.57,416.69
2014.4,3207.68,417.45
2015.2,3214.1,418.52
2016.1,3220.51,419.59
2016.9,3226.93,420.66
2017.8,3233.35,421.72
2018.6,3239.77,422.79
2019.4,3246.19,423.43
2020.3,3252.6,423.97
2021.1,3259.02,425
2021.9,3265.48,426.07
2022.8,3272.43,427.14
2023.6,3279.28,428.21
2024.4,3285.69,429.28
2025.3,3291.94,430.18
2026.1,3297.82,430.71
2027,3303.7,431.25
2027.8,3309.59,431.78
2028.6,3316.1,432.32
2029.5,3323.05,432.85
2030.3,3329.24,433.77
2031.1,3335.12,434.84
2032,3341.91,435.45
2032.8,3348.87,435.99
2033.6,3355.29,437.05
2034.5,3361.71,438.06
2035.3,3368.13,438.59
2036.1,3374.55,439.26
2037,3380.97,440.33
2037.8,3387.19,441.2
2038.6,3393.07,441.73
2039.5,3398.95,442.27
2040.3,3404.84,442.8
2041.2,3410.72,443.68
2042,3416.6,444.75
2042.8,3422.89,445.41
2043.7,3429.31,445.94
2044.5,3437.16,446.95
2045.3,3445.15,448.01
2046.2,3451.57,448.55
2047,3458.07,449.08
2047.8,3465.02,449.62
2048.7,3471.82,450.3
2049.5,3478.24,451.37
2050.4,3484.66,452
2051.2,3491.08,452
2052,3497.78,452.58
2052.9,3504.74,453.65
2053.7,3511.69,454.36
2054.5,3518.64,454.9
2055.4,3525.17,455.43
2056.2,3531.58,455.97
2057,3537.5,456.5
2057.9,3543.42,457.04
2058.7,3549.84,457.57
2059.5,3556.36,458.1
2060.4,3563.31,458.64
2061.2,3570.09,459.35
2062.1,3576.51,460.42
2062.9,3582.93,461
2063.7,3589.35,461
2064.6,3595.77,461.31
2065.4,3602.18,461.85
2066.2,3608.22,462.38
2067.1,3614.1,462.92
2067.9,3620.44,463.45
2068.7,3626.86,463.99
2069.6,3632.75,464.52
2070.4,3638.63,465.06
2071.2,3644.52,465.59
2072.1,3650.53,466
2072.9,3656.95,466
2073.8,3663.56,466.39
2074.6,3670.51,467.46
2075.4,3677.2,468
2076.3,3683.62,468
2077.1,3690.04,468.34
2077.9,3696.46,468.87
2078.8,3703.28,469.41
2079.6,3710.23,469.94
2080.4,3716.71,470.48
2081.3,3723.14,471.01
2082.1,3730.09,471.55
2082.9,3736.88,472
2083.8,3742.77,472
2084.6,3748.8,472.15
2085.5,3755.22,472.68
2086.3,3761.42,473.22
2087.1,3767.3,473.75
2088,3773.47,474
2088.8,3779.89,474
2089.6,3786.31,474.36
2090.5,3792.73,474.89
2091.3,3798.72,475.43
2092.1,3804.6,475.96
2093,3811.48,476
2093.8,3818.43,476.03
2094.6,3825.39,476.57
2095.5,3832.24,477
2096.3,3838.65,477
2097.1,3845.07,477.17
2098,3851.49,477.71
2098.8,3857.67,478.24
2099.7,3863.55,478.78
2100.5,3869.75,479
2101.3,3876.16,479
2102.2,3882.58,479.38
2103,3889,479.92
2103.8,3895.42,480
2104.7,3901.84,480
2105.5,3907.73,480.52
2106.3,3913.73,481
2107.2,3920.68,481
2108,3927.38,481.13
2108.9,3933.27,481.66
2109.7,3939.34,482
2110.5,3945.76,482
2111.4,3952.45,482
2112.2,3959.4,482
2113,3966.35,482.33
2113.9,3973.31,482.87
2114.7,3979.85,483
2115.5,3986.27,483
2116.4,3993.64,483
2117.2,4001.11,483.01
2118,4007.53,483.54
2118.9,4013.94,484
2119.7,4020.36,484
2120.5,4026.78,484
2121.4,4033.2,484
2122.2,4039.18,484
2123.1,4044.53,484
2123.9,4050.17,484.29
2124.7,4056.05,484.82
2125.6,4062.29,485
2126.4,4068.71,485
2127.2,4075.13,485
2128.1,4081.54,485
2128.9,4088.46,485
2129.7,4095.38,485.03
2130.6,4101.8,485.57
2131.4,4108.12,485.9
2132.2,4114,485.36
2133.1,4119.88,485.17
2133.9,4125.76,485.71
2134.8,4132.13,486
2135.6,4139.08,486
2136.4,4145.73,486
2137.3,4152.14,486
2138.1,4158.56,486
2138.9,4164.98,486
2139.8,4170.95,486
2140.6,4176.83,486
2141.4,4183.23,486
2142.3,4189.65,486
2143.1,4196.07,486
2143.9,4202.49,486
2144.8,4208.91,486
2145.6,4215.32,486
2146.5,4221.74,486
2147.3,4228.42,486
2148.1,4235.38,486
2149,4242,486
2149.8,4248.42,486
2150.6,4254.03,486
2151.5,4259.38,486
2152.3,4265.67,486
2153.1,4272.08,486
2154,4277.96,486
2154.8,4284,486
2155.6,4290.95,486
2156.5,4297.91,486
2157.3,4304.86,486
2158.2,4311.6,486
2159,4318.02,486
2159.8,4324.43,486
2160.7,4330.85,486
2161.5,4337.63,486
2162.3,4344.58,486
2163.2,4351.11,485.57
2164,4357.52,485.04
2164.8,4363.94,485
2165.7,4370.36,485
2166.5,4376.78,485
2167.4,4383.3,485
2168.2,4390.25,485
2169,4397.03,484.83
2169.9,4403.45,484.3
2170.7,4409.87,484
2171.5,4416.29,484
2172.4,4422.71,484
2173.2,4429.12,484
2174,4435.16,484
2174.9,4441.05,484
2175.7,4446.93,483.55
2176.5,4452.81,483.02
2177.4,4459.73,483
2178.2,4466.63,482.95
2179.1,4473.05,482.41
2179.9,4479.35,482
2180.7,4485.23,482
2181.6,4491.3,481.81
2182.4,4497.72,481.27
2183.2,4504.14,481
2184.1,4510.56,481
2184.9,4516.98,481
2185.7,4523.4,481
2186.6,4529.81,480.6
2187.4,4536.23,480.06
2188.2,4542.65,480
2189.1,4549.07,479.99
2189.9,4555.49,479.46
2190.7,4561.83,478.92
2191.6,4567.71,478.39
2192.4,4573.74,478
2193.3,4580.16,478
2194.1,4586.58,477.79
2194.9,4593,477.25
2195.8,4599.41,477
2196.6,4605.83,477
2197.4,4612.6,476.65
2198.3,4619.56,476.11
2199.1,4626.51,476
2199.9,4633.46,476
2200.8,4639.92,475.51
2201.6,4646.34,474.97
2202.4,4652.76,474.44
2203.3,4659.18,474
2204.1,4665.59,474
2205,4672.01,473.83
2205.8,4678.43,473.3
2206.6,4684.85,472.76
2207.5,4691.27,472.23
2208.3,4697.69,472
2209.1,4704.1,472
2210,4710.52,471.62
2210.8,4716.94,471.09
2211.6,4723.36,470.55
2212.5,4729.78,470.02
2213.3,4736.19,469.48
2214.1,4742.56,469
2215,4748.44,469
2215.8,4754.57,468.88
2216.7,4761.52,468.34
2217.5,4768.09,467.81
2218.3,4773.98,467.27
2219.2,4780.38,466.74
2220,4787.33,466.21
2220.8,4793.96,465.67
2221.7,4800.38,465.14
2222.5,4806.79,464.6
2223.3,4813.21,464.07
2224.2,4819.63,464
2225,4826.04,464
2225.8,4831.93,463.46
2226.7,4837.81,462.93
2227.5,4843.69,462.39
2228.4,4849.72,461.71
2229.2,4856.14,460.64
2230,4862.98,459.79
2230.9,4870.47,459.25
2231.7,4877.11,458.72
2232.5,4882.99,458.18
2233.4,4889.58,457.65
2234.2,4896.53,457.11
2235,4903.07,456.58
2235.9,4909.48,456.04
2236.7,4915.9,455.51
2237.5,4922.32,454.97
2238.4,4928.74,454.44
2239.2,4935.16,453.81
2240.1,4941.57,452.74
2240.9,4948.32,451.83
2241.7,4955.81,451.3
2242.6,4963.06,450.76
2243.4,4970.02,450.23
2244.2,4976.36,449.39
2245.1,4982.24,448.32
2245.9,4988.5,447.62
2246.7,4994.92,447.09
2247.6,5001.34,446.56
2248.4,5007.76,446.02
2249.2,5013.15,445.49
2250.1,5018.64,444.9
2250.9,5025.59,443.83
2251.8,5032.55,442.88
2252.6,5039.5,442.35
2253.4,5046.08,441.81
2254.3,5051.96,441.28
2255.1,5058.36,440.48
2255.9,5065.31,439.41
2256.8,5072.27,438.67
2257.6,5079.22,438.14
2258.4,5085.38,437.2
2259.3,5091.26,436.13
2260.1,5097.61,435.53
2260.9,5104.03,435
2261.8,5109.91,434.46
2262.6,5115.79,433.86
2263.5,5121.68,432.79
2264.3,5127.7,431.72
2265.1,5134.12,430.65
2266,5140.54,429.79
2266.8,5146.95,429.25
2267.6,5153.65,428.44
2268.5,5160.61,427.37
2269.3,5167.21,426.3
2270.1,5173.63,425.23
2271,5180.05,424.58
2271.8,5186.46,424.04
2272.6,5192.88,423.02
2273.5,5199.28,421.97
2274.3,5205.16,421.44
2275.2,5211.14,420.81
2276,5217.55,419.74
2276.8,5223.81,418.67
2277.7,5229.69,417.6
2278.5,5236.04,416.53
2279.3,5243,415.46
2280.2,5249.95,414.39
2281,5256.9,413.32
2281.8,5263.48,412.25
2282.7,5269.9,411.18
2283.5,5276.32,410.56
2284.3,5282.74,410.02
2285.2,5288.64,409.49
2286,5294.57,408.95
2286.9,5300.99,408.42
2287.7,5307.41,407.88
2288.5,5313.83,407.35
2289.4,5320.62,406.44
2290.2,5328.11,404.83
2291,5335.08,403.23
2291.9,5341.5,401.63
2292.7,5348.24,400.35
2293.5,5355.2,399.28
2294.4,5361.36,398.21
2295.2,5367.24,397.14
2296,5373.59,395.6
2296.9,5380.01,394
2297.7,5385.89,392.93
2298.6,5391.77,391.86
2299.4,5397.66,390.79
2300.2,5403.68,389.72
2301.1,5410.1,388.65
2301.9,5416.52,387.58
2302.7,5422.93,386.51
2303.6,5429.35,385.44
2304.4,5435.77,384.37
2305.2,5442.19,383.3
2306.1,5448.61,382.23
2306.9,5455.03,380.74
2307.7,5461.44,379.14
2308.6,5467.37,378.02
2309.4,5473.3,376.93
2310.3,5480.26,375.33
2311.1,5487.12,373.81
2311.9,5493.53,372.74
2312.8,5499.95,371.51
2313.6,5506.37,369.91
2314.4,5512.56,368.3
2315.3,5518.44,366.7
2316.1,5524.32,365.4
2316.9,5530.21,364.33
2317.8,5536.46,362.88
2318.6,5542.88,361.28
2319.4,5549.3,359.68
2320.3,5555.72,358.07
2321.1,5562.13,356.98
2321.9,5568.6,355.86
2322.8,5575.55,354.26
2323.6,5582.62,352.65
2324.5,5590.11,351.05
2325.3,5597.04,349.63
2326.1,5602.92,348.56
2327,5609.06,346.98
2327.8,5615.48,344.84
2328.6,5621.9,343.35
2329.5,5628.32,342.28
2330.3,5634.34,340.82
2331.1,5640.22,339.21
2332,5646.57,337.14
2332.8,5652.99,335
2333.7,5658.87,333.4
2334.5,5664.89,331.73
2335.3,5671.85,329.59
2336.2,5678.8,327.58
2337,5685.75,325.98
2337.8,5692.29,324.17
2338.7,5698.17,322.03
2339.5,5704.33,320.17
2340.3,5710.75,318.56
2341.2,5717.17,316.61
2342,5723.59,314.47
2342.8,5730.01,312.75
2343.7,5736.42,311.14
2344.5,5743.82,309.05
2345.3,5751.26,306.93
2346.2,5757.68,305.33
2347,5764.1,303.63
2347.9,5770.51,301.5
2348.7,5776.77,299.52
2349.5,5782.65,297.91
2350.4,5789.23,295.62
2351.2,5796.72,292.41
2352,5803.91,289.8
2352.9,5810.86,287.66
2353.7,5817.81,285.52
2354.5,5824.76,283.38
2355.4,5831.72,281.24
2356.2,5838.67,279.1
2357,5845.11,276.45
2357.9,5851.53,273.82
2358.7,5857.95,271.68
2359.6,5864.25,269.54
2360.4,5870.14,267.4
2361.2,5876.2,265.27
2362.1,5882.62,263.13
2362.9,5889.29,260.48
2363.7,5896.25,257.27
2364.6,5902.88,254.06
2365.4,5909.3,250.85
2366.2,5915.71,248.04
2367.1,5922.13,245.36
2367.9,5928.55,242.69
2368.8,5934.97,240.01
2369.6,5940.85,237.34
2370.4,5946.74,234.66
2371.3,5952.62,231.99
2372.1,5958.5,229.32
2372.9,5964.39,226.64
2373.8,5970.27,223.97
2374.6,5976.15,221.29
2375.4,5982.31,218.34
2376.3,5988.73,215.13
2377.1,5994.8,211.93
2377.9,6000.69,208.72
2378.8,6007.4,205.09
2379.6,6014.35,201.35
2380.5,6020.82,198.09
2381.3,6027.24,194.86
2382.1,6033.66,191.12
2383,6040.08,187.37
2383.8,6046.49,183.63
2384.6,6052.91,179.72
2385.5,6059.33,175.45
2386.3,6065.98,171.4
2387.1,6072.93,167.65
2388,6079.59,163.61
2388.8,6086,159.33
2389.6,6092.42,154.68
2390.5,6098.84,149.87
2391.3,6105.26,144.18
2392.2,6111.68,138.3
2393,6117.59,133.43
2393.8,6123.47,128.57
2394.7,6129.35,123.22
2395.5,6135.46,117.31
2396.3,6142.41,109.29
2397.2,6149,102.73
2398,6154.89,98.98
2398.8,6161.27,90.45
2399.7,6168.23,76.55
2400.7,6174.21,73.57
2401.9,6179.56,77.85
2403.2,6185.3,82.13
2404.4,6191.19,86.41
2405.6,6196.15,90.23
2406.8,6200.96,93.97
2408,6206.84,97.71
2409.2,6212.59,101.39
2410.4,6217.4,104.6
2411.6,6222.35,107.68
2412.8,6227.7,110.35
2414.1,6232.84,113.02
2415.3,6237.66,115.7
2416.5,6242.74,118.65
2417.7,6248.09,121.86
2418.9,6253.44,124.72
2420.1,6258.79,127.39
2421.3,6263.72,129.66
2422.5,6268.54,131.79
2423.8,6273.83,133.93
2425,6279.17,136.09
2426.2,6283.98,138.77
2427.4,6288.88,141.35
2428.6,6294.23,143.49
2429.8,6299.58,145.63
2431,6304.93,147.77
2432.2,6310.27,149.68
2433.4,6315.62,151.29
2434.7,6320.97,153.19
2435.9,6326.32,155.33
2437.1,6331.3,157.47
2438.3,6336.11,159.61
2439.5,6341.36,161.31
2440.7,6346.71,162.91
2441.9,6352.06,164.52
2443.1,6357.37,166.16
2444.4,6362.18,168.3
2445.6,6367.22,170.33
2446.8,6373.1,171.94
2448,6378.8,173.54
2449.2,6384.15,175.15
2450.4,6389.25,176.75
2451.6,6394.06,178.35
2452.8,6399.2,179.96
2454,6404.55,181.56
2455.3,6409.89,183.17
2456.5,6415.24,184.77
2457.7,6420.13,186.38
2458.9,6424.95,187.98
2460.1,6430.29,189.06
2461.3,6435.64,190.19
2462.5,6440.99,191.8
2463.7,6446.33,193.4
2465,6451.68,195
2466.2,6457.03,196.41
2467.4,6462.38,197.48
2468.6,6467.45,198.82
2469.8,6472.27,200.42
2471,6477.42,201.68
2472.2,6482.77,202.75
2473.4,6488.12,203.82
2474.7,6493.47,204.89
2475.9,6498.34,206.45
2477.1,6503.17,208.03
2478.3,6508.52,209.1
2479.5,6513.86,210.17
2480.7,6519.21,211.24
2481.9,6524.4,212.31
2483.1,6529.22,213.38
2484.3,6534.48,214.68
2485.6,6540.37,216.28
2486.8,6545.95,217.59
2488,6551.3,218.66
2489.2,6556.65,219.73
2490.4,6562,220.8
2491.6,6566.91,221.87
2492.8,6571.73,222.94
2494,6577.05,224.01
2495.3,6582.39,225.04
2496.5,6587.74,225.57
2497.7,6593.09,226.33
2498.9,6598.44,227.93
2500.1,6603.61,229.18
2501.3,6608.42,229.71
2502.5,6613.48,230.5
2503.7,6618.83,231.57
2504.9,6624.18,232.64
2506.2,6629.53,233.71
2507.4,6634.88,234.78
2508.6,6640.23,235.85
2509.8,6645.12,236.46
2511,6649.93,236.99
2512.2,6655.8,238.05
2513.4,6661.62,239.12
2514.6,6666.97,240.19
2515.9,6672.32,241.26
2517.1,6677.67,242.33
2518.3,6683.01,243.2
2519.5,6688.36,243.74
2520.7,6693.44,244.27
2521.9,6698.25,244.81
2523.1,6703.41,245.68
2524.3,6708.76,246.75
2525.5,6714.1,247.82
2526.8,6719.45,248.89
2528,6724.32,249.48
2529.2,6729.14,250.02
2530.4,6733.95,250.55
2531.6,6738.85,251.17
2532.8,6744.2,252.24
2534,6749.54,253.15
2535.2,6754.89,253.69
2536.5,6760.24,254.22
2537.7,6765.59,254.76
2538.9,6770.94,255.59
2540.1,6776.29,256.66
2541.3,6781.63,257.36
2542.5,6786.98,257.9
2543.7,6792.33,258.87
2544.9,6797.68,259.94
2546.1,6802.53,260
2547.4,6807.38,260.08
2548.6,6812.73,261.15
2549.8,6817.97,262.11
2551,6822.78,262.64
2552.2,6827.59,263.18
2553.4,6832.41,263.71
2554.6,6837.71,264.25
2555.8,6843.6,264.78
2557.1,6849.16,265.32
2558.3,6854.51,265.85
2559.5,6859.86,266.39
2560.7,6865.21,266.92
2561.9,6871.01,267.91
2563.1,6876.9,268.98
2564.3,6882.26,269.53
2565.5,6887.6,270.06
2566.7,6892.95,270.6
2568,6898.3,271.13
2569.2,6903.65,271.66
2570.4,6909.2,272.2
2571.6,6915.08,272.73
2572.8,6920.42,273.27
2574,6925.24,273.8
2575.2,6930.05,274.34
2576.4,6934.87,274.87
2577.6,6940.09,275
2578.9,6945.44,275
2580.1,6950.31,275.48
2581.3,6955.15,276.01
2582.5,6961.03,276.55
2583.7,6966.75,277.08
2584.9,6971.56,277.62
2586.1,6976.68,278.15
2587.3,6982.56,278.69
2588.6,6988,279.22
2589.8,6992.82,279.76
2591,6997.92,280
2592.2,7003.27,280
2593.4,7008.62,280.36
2594.6,7013.97,280.9
2595.8,7018.88,281.43
2597,7023.7,281.97
2598.2,7029.01,282.5
2599.5,7034.36,283
2600.7,7039.71,283
2601.9,7045.06,283.11
2603.1,7050.41,283.64
2604.3,7055.75,284.18
2605.5,7061.1,284.71
2606.7,7066.45,285.25
2607.9,7071.8,285.78
2609.2,7077.15,286
2610.4,7082.5,286
2611.6,7087.46,286.38
2612.8,7092.27,286.92
2614,7097.54,287
2615.2,7102.89,287
2616.4,7107.71,287.52
2617.6,7112.59,288
2618.9,7117.94,288
2620.1,7123.28,288.13
2621.3,7128.63,288.66
2622.5,7133.78,289
2623.7,7138.6,289
2624.9,7143.68,289.27
2626.1,7149.03,289.8
2627.3,7154.37,290
2628.5,7159.72,290
2629.8,7165.07,290.41
2631,7170.42,290.94
2632.2,7175.77,291
2633.4,7181.12,291.01
2634.6,7186.47,291.55
2635.8,7191.81,292
2637,7197.16,292
2638.2,7202.51,292
2639.5,7207.86,292
2640.7,7213.21,292.22
2641.9,7218.56,292.76
2643.1,7224.19,293
2644.3,7230.08,293
2645.5,7234.88,293
2646.7,7239.16,293
2647.9,7244.3,293.43
2649.1,7249.65,293.96
2650.4,7254.5,294
2651.6,7259.34,294
2652.8,7264.69,294
2654,7270.04,294
2655.2,7275.39,294
2656.4,7280.74,294.17
2657.6,7286.09,294.71
2658.8,7291.43,295
2660.1,7296.78,295
2661.3,7302.13,295
2662.5,7307.48,295
2663.7,7312.45,295
2664.9,7317.26,295
2666.1,7322.07,295
2667.3,7326.89,295
2668.5,7332.22,295
2669.7,7337.63,295.06
2671,7343.51,295.59
2672.2,7349.27,296
2673.4,7354.62,296
2674.6,7359.77,296
2675.8,7364.58,296
2677,7369.66,296
2678.2,7375.01,296
2679.4,7380.36,296
2680.7,7385.71,296
2681.9,7390.65,296
2683.1,7395.46,296
2684.3,7400.75,296
2685.5,7406.1,296
2686.7,7411.45,296
2687.9,7416.8,296
2689.1,7422.15,296
2690.3,7427.49,296
2691.6,7432.84,296
2692.8,7438.19,296
2694,7443.54,296
2695.2,7448.89,296
2696.4,7454.24,296
2697.6,7459.23,296
2698.8,7464.04,296
2700,7469.28,296
2701.3,7474.63,296
2702.5,7479.48,296
2703.7,7484.33,295.97
2704.9,7489.68,295.43
2706.1,7495.02,295
2707.3,7500.37,295
2708.5,7505.72,295
2709.7,7511.07,295
2710.9,7516.42,295
2712.2,7521.77,295
2713.4,7527.11,295
2714.6,7532.46,295
2715.8,7537.81,295
2717,7543.16,295
2718.2,7548.06,294.55
2719.4,7552.87,294.01
2720.6,7558.21,294
2721.9,7563.55,294
2723.1,7568.9,294
2724.3,7574.25,294
2725.5,7579.6,294
2726.7,7584.95,293.81
2727.9,7590.3,293.27
2729.1,7595.64,293
2730.3,7600.99,293
2731.5,7606.34,293
2732.8,7611.69,293
2734,7617.04,292.6
2735.2,7622.39,292.06
2736.4,7627.26,292
2737.6,7632.08,291.99
2738.8,7637.43,291.46
2740,7642.78,291
2741.2,7648.13,291
2742.4,7653.33,291
2743.7,7658.14,291
2744.9,7663.39,290.78
2746.1,7669.27,290.25
2747.3,7674.87,290
2748.5,7680.22,290
2749.7,7685.21,289.64
2750.9,7690.02,289.11
2752.1,7695.26,289
2753.4,7700.61,289
2754.6,7705.96,288.5
2755.8,7711.31,288
2757,7716.66,288
2758.2,7721.91,287.9
2759.4,7726.72,287.36
2760.6,7731.7,287
2761.8,7737.05,287
2763,7742.4,286.76
2764.3,7747.75,286.23
2765.5,7752.79,286
2766.7,7757.6,286
2767.9,7762.79,285.62
2769.1,7768.14,285.09
2770.3,7773.49,284.55
2771.5,7778.84,284.02
2772.7,7784.19,284
2774,7789.54,283.95
2775.2,7794.89,283.41
2776.4,7800.23,282.88
2777.6,7805.58,282.34
2778.8,7810.74,282
2780,7815.55,282
2781.2,7820.63,281.74
2782.4,7825.98,281.2
2783.6,7831.32,280.67
2784.9,7836.67,280.13
2786.1,7842.02,279.6
2787.3,7847.37,279.06
2788.5,7852.72,278.53
2789.7,7858.07,277.99
2790.9,7863.42,277.46
2792.1,7868.76,276.92
2793.3,7874.11,276.39
2794.6,7879.31,276
2795.8,7884.13,276
2797,7889.16,275.78
2798.2,7894.51,275.25
2799.4,7899.57,274.71
2800.6,7904.38,274.18
2801.8,7909.55,273.64
2803,7914.9,273.11
2804.2,7920.25,272.58
2805.5,7925.6,272.04
2806.7,7930.94,271.51
2807.9,7936.26,270.97
2809.1,7941.08,270.44
2810.3,7945.89,269.9
2811.5,7950.7,269.37
2812.7,7955.69,268.83
2813.9,7961.04,268.3
2815.2,7966.62,267.76
2816.4,7972.51,267.23
2817.6,7978.08,266.69
2818.8,7983.43,266.16
2820,7988.78,265.62
2821.2,7994.13,265.09
2822.4,7999.03,264.11
2823.6,8003.84,263.04
2824.8,8009.17,262.48
2826.1,8014.52,261.95
2827.3,8019.87,261.41
2828.5,8025.34,260.88
2829.7,8031.22,260.34
2830.9,8036.72,259.81
2832.1,8041.54,259.27
2833.3,8046.61,258.74
2834.5,8051.96,258.2
2835.8,8056.98,257.34
2837,8061.79,256.27
2838.2,8067.41,255.6
2839.4,8073.29,255.06
2840.6,8078.23,254.53
2841.8,8083.05,253.99
2843,8088.4,252.92
2844.2,8093.75,251.93
2845.4,8099.1,251.39
2846.7,8104.3,250.86
2847.9,8109.11,250.32
2849.1,8114.14,249.57
2850.3,8119.49,248.5
2851.5,8124.84,247.72
2852.7,8130.19,247.18
2853.9,8135.18,246.29
2855.1,8139.99,245.22
2856.4,8145.23,244.58
2857.6,8150.58,244.04
2858.8,8155.93,243.01
2860,8161.28,241.94
2861.2,8166.63,240.87
2862.4,8171.97,239.81
2863.6,8177.32,238.74
2864.8,8182.67,237.83
2866,8188.02,237.3
2867.3,8193.37,236.53
2868.5,8198.72,235.46
2869.7,8203.76,234.69
2870.9,8208.57,234.16
2872.1,8213.39,233.25
2873.3,8218.2,232.18
2874.5,8223.46,231.11
2875.7,8228.81,230.04
2877,8234.67,228.97
2878.2,8240.5,227.9
2879.4,8245.85,226.83
2880.6,8251.2,225.76
2881.8,8256.55,224.69
2883,8261.9,223.62
2884.2,8267.25,222.55
2885.4,8272.59,221.48
2886.6,8277.94,220.41
2887.9,8282.96,219.34
2889.1,8287.78,218.27
2890.3,8292.59,216.8
2891.5,8297.4,215.2
2892.7,8302.68,214.06
2893.9,8308.03,212.99
2895.1,8312.84,211.92
2896.3,8317.73,210.85
2897.6,8323.08,209.78
2898.8,8328.43,208.71
2900,8333.78,207.64
2901.2,8338.91,206.36
2902.4,8343.73,204.76
2903.6,8348.82,203.44
2904.8,8354.17,202.37
2906,8359.87,201.3
2907.2,8365.75,200.23
2908.5,8371.21,198.74
2909.7,8376.56,197.13
2910.9,8382.4,195.53
2912.1,8388.26,193.92
2913.3,8393.61,192.32
2914.5,8398.86,190.81
2915.7,8403.67,189.74
2916.9,8408.65,188.5
2918.2,8414,186.9
2919.4,8419.12,185.29
2920.6,8423.93,183.69
2921.8,8428.74,182.39
2923,8433.56,181.32
2924.2,8438.74,179.88
2925.4,8444.09,178.27
2926.6,8449.44,176.67
2927.8,8454.79,175.06
2929.1,8460.14,172.94
2930.3,8465.49,170.85
2931.5,8470.84,169.25
2932.7,8476.18,167.76
2933.9,8481.53,166.69
2935.1,8486.69,165.25
2936.3,8491.51,163.11
2937.5,8496.84,160.97
2938.8,8502.72,158.83
2940,8507.95,157.02
2941.2,8512.76,155.41
2942.4,8517.97,153.41
2943.6,8523.32,151.27
2944.8,8528.2,149.13
2946,8533.02,146.99
2947.2,8538.37,144.85
2948.4,8543.71,142.64
2949.7,8549.06,139.97
2950.9,8554.41,137.44
2952.1,8559.76,135.3
2953.3,8565.11,132.95
2954.5,8570.46,130.27
2955.7,8575.52,127.6
2956.9,8580.34,124.92
2958.1,8585.85,122.25
2959.4,8591.73,119.58
2960.6,8597.2,116.9
2961.8,8602.55,114.23
2963,8607.41,111.06
2964.2,8612.24,107.85
2965.4,8617.59,104.64
2966.6,8622.94,101.44
2967.8,8628.29,98.23
2969,8633.64,94.85
2970.3,8638.99,91.11
2971.5,8644.33,87.13
2972.7,8649.68,82.85
2973.9,8655.03,78.58
2975.1,8660.38,74.3
2976.3,8665.73,69.27
2977.5,8671.08,63.92
2978.7,8677.31,58.13
2980,8683.73,52.25
2981.3,8688.1,55.07
2982.6,8692.33,58.33
2984,8696.07,62.07
2985.3,8699.93,65.58
2986.6,8704.21,68.26
2988,8708.3,71.12
2989.3,8712.05,74.33
2990.6,8715.79,77.02
2992,8719.54,79.16
2993.3,8723.28,81.3
2994.7,8727.02,83.44
2996,8731.16,85.58
2997.3,8735.44,87.72
2998.7,8739.72,90.33
3000,8744,93
